<?xml version="1.0"?>
<data grt_format="2.0">
  <value _ptr_="000001E37FD56660" type="list" content-type="object" content-struct-name="db.mgmt.ServerInstance">
    <value type="object" struct-name="db.mgmt.ServerInstance" id="{010E62CA-7EBC-432C-9659-79B77458B70C}" struct-checksum="0x367436e2">
      <link type="object" struct-name="db.mgmt.Connection" key="connection">{AA363FA3-8F40-4558-A228-DB7F90ED45BC}</link>
      <value _ptr_="000001E3075F7360" type="dict" key="loginInfo"/>
      <value _ptr_="000001E3075F72A0" type="dict" key="serverInfo">
        <value type="string" key="serverVersion">10.2.25-MariaDB</value>
        <value type="int" key="setupPending">1</value>
        <value type="int" key="sys.usesudo">0</value>
        <value type="int" key="sys.usesudostatus">0</value>
      </value>
      <value type="string" key="name"></value>
      <link type="object" struct-name="GrtObject" key="owner">{5AF7D1E5-A38D-411D-A9B2-E3B4A5D31847}</link>
    </value>
  </value>
</data>
